title,price,description,link
"Godiva Premium Chocolate Assortment, 3 Tier Gold Ballotin Tower, 63 Pieces Total",89.99,"We are committed to offering the best value to our members, with a risk-free 100% satisfaction guarantee on your membership and merchandise with some exceptions and limitations*. If you have questions about your membership or products you've purchased at Costco, please visit the membership counter at your local Costco or Contact Customer Service.",https://www.costco.com/godiva-premium-chocolate-assortment-3-tier-gold-ballotin-tower-63-pieces-total.product.4000315235.html
"Lindt Lindor Chocolate Truffles, Assorted Flavors, 21.2 oz",15.99,"5 stars
stars",https://www.costco.com/lindt-lindor-chocolate-truffles-assorted-flavors-212-oz.product.100851787.html
"Amedei 70% Dark Chocolate, After Dinner/Hotel Lobby Chocolates, 4.5 g, 204 count",99.99,"We are committed to offering the best value to our members, with a risk-free 100% satisfaction guarantee on your membership and merchandise with some exceptions and limitations*. If you have questions about your membership or products you've purchased at Costco, please visit the membership counter at your local Costco or Contact Customer Service.",https://www.costco.com/amedei-70-dark-chocolate-after-dinnerhotel-lobby-chocolates-45-g-204-count.product.4000228935.html
"Nestlé Toll House, Semi-Sweet Chocolate Chip Morsels, 72 oz",16.99,"5 stars
stars",https://www.costco.com/nestl-toll-house-semi-sweet-chocolate-chip-morsels-72-oz.product.100403311.html
"Utah Truffles Dark Chocolate Truffles With Sea Salt 16 oz, 2-pack",39.99,"We are committed to offering the best value to our members, with a risk-free 100% satisfaction guarantee on your membership and merchandise with some exceptions and limitations*. If you have questions about your membership or products you've purchased at Costco, please visit the membership counter at your local Costco or Contact Customer Service.",https://www.costco.com/utah-truffles-dark-chocolate-truffles-with-sea-salt-16-oz-2-pack.product.4000266958.html
"Hershey's Kisses, Milk Chocolate, 56 oz",19.99,"5 stars
stars",https://www.costco.com/hersheys-kisses-milk-chocolate-56-oz.product.100381532.html
"Wild West Assorted Chocolate Box, 24.26 oz. total",49.99,"5 stars
stars",https://www.costco.com/wild-west-assorted-chocolate-box-2426-oz-total.product.4000274833.html
"Ferrero Rocher, Milk Chocolate Hazelnut Candy, 1.3 oz, 3-count, 12-pack",14.99,"5 stars
stars",https://www.costco.com/ferrero-rocher-milk-chocolate-hazelnut-candy-13-oz-3-count-12-pack.product.100381593.html
"UNREAL Dark Chocolate Coconut Minis, 15.3 oz",12.99,Read the Unreal Supplier Profile article featured in The Costco Connection.,https://www.costco.com/unreal-dark-chocolate-coconut-minis-153-oz.product.100638275.html
"Hershey's Nuggets Assortment, Variety Pack, 145-count",15.59,"5 stars
stars",https://www.costco.com/hersheys-nuggets-assortment-variety-pack-145-count.product.100381533.html
"Milano Cookies, Double Dark Chocolate, 0.98 oz, 30-count",11.29,"5 stars
stars",https://www.costco.com/milano-cookies-double-dark-chocolate-098-oz-30-count.product.4000094517.html
"Kirkland Signature Almonds, Milk Chocolate, 3 lb",23.99,"5 stars
stars",https://www.costco.com/kirkland-signature-almonds-milk-chocolate-3-lb.product.100333886.html
"Skinny Dipped Cups, Dark Chocolate Peanut Butter, 30-count",15.99,"5 stars
stars",https://www.costco.com/skinny-dipped-cups-dark-chocolate-peanut-butter-30-count.product.4000064657.html
"Hershey's Miniatures, Variety Pack, 56 oz",20.99,"5 stars
stars",https://www.costco.com/hersheys-miniatures-variety-pack-56-oz.product.100402650.html
"Kirkland Signature All Chocolate Bag, 90 oz,",27.49,"5 stars
stars",https://www.costco.com/kirkland-signature-all-chocolate-bag-90-oz.product.100333887.html
"Heaton Pecans Roasted Salted Pecans, Chocolate Covered Pecans, Praline Pecan Tin 2.3 lb Total",44.99,"This 2.3 lbs of Roasted Salted Pecans, Chocolate Covered Pecans & Praline Pecans packaged in a gift-able tin and are perfect for any holiday! For over 31 years, Heaton Pecans' family-run business has been preparing fresh pecans. We use only the highest-quality, new crop pecans and unique cooking methods which separate them from the rest. We pride ourselves that each tin of pecans is hand-prepared by individuals whose sole purpose is to deliver you the highest quality gift available.",https://www.costco.com/heaton-pecans-roasted-salted-pecans-chocolate-covered-pecans-praline-pecan-tin-23-lb-total.product.4000027578.html
"Knipschildt Signature Chocolate Collection, 8.8 oz, 25 pieces",49.99,"We are committed to offering the best value to our members, with a risk-free 100% satisfaction guarantee on your membership and merchandise with some exceptions and limitations*. If you have questions about your membership or products you've purchased at Costco, please visit the membership counter at your local Costco or Contact Customer Service.",https://www.costco.com/knipschildt-signature-chocolate-collection-88-oz-25-pieces.product.4000345726.html
"Knipschildt Caramel Chocolate Trio, 8.8 oz, 25 pieces",49.99,"We are committed to offering the best value to our members, with a risk-free 100% satisfaction guarantee on your membership and merchandise with some exceptions and limitations*. If you have questions about your membership or products you've purchased at Costco, please visit the membership counter at your local Costco or Contact Customer Service.",https://www.costco.com/knipschildt-caramel-chocolate-trio-88-oz-25-pieces.product.4000345798.html
Godiva Assorted Chocolate Gold Collection Gift Box 36-pieces,54.99,"Each chocolate piece offers an exciting flavor profile. You'll discover unique combinations of rich ganache, velvety caramel, luscious praliné, refreshing fruit, and crunchy nuts. Created with the finest ingredients in the Belgian tradition, our gold chocolate box will wow recipients with pieces such as: Midnight Swirl, velvety ganache made with 85% chocolate in a dark chocolate shell; Salted Caramel Lion of Belgium, rich, buttery caramel with a hint of salt, surrounded by a crisp dark chocolate shell; and Almond Crunch, almond chunks embedded within solid milk chocolate and dipped in dark chocolate. White chocolate lovers will adore our Raspberry Star, refreshing raspberry puree within creamy-sweet white chocolate. With 36 gourmet chocolate pieces there are so many exciting flavors to explore.",https://www.costco.com/godiva-assorted-chocolate-gold-collection-gift-box-36-pieces.product.4000035545.html
"Knipschildt Dark Chocolate Truffles, 8.8 oz, 25 pieces",54.99,"We are committed to offering the best value to our members, with a risk-free 100% satisfaction guarantee on your membership and merchandise with some exceptions and limitations*. If you have questions about your membership or products you've purchased at Costco, please visit the membership counter at your local Costco or Contact Customer Service.",https://www.costco.com/knipschildt-dark-chocolate-truffles-88-oz-25-pieces.product.4000345743.html
"Mae Fine Foods Bonbon - 2 x 48 Count Tray Bundle, 96 Pieces Total",134.99,"We are committed to offering the best value to our members, with a risk-free 100% satisfaction guarantee on your membership and merchandise with some exceptions and limitations*. If you have questions about your membership or products you've purchased at Costco, please visit the membership counter at your local Costco or Contact Customer Service.",https://www.costco.com/mae-fine-foods-bonbon---2-x-48-count-tray-bundle-96-pieces-total.product.4000349841.html
"Dove Milk Chocolate Candy Bars, Full Size, 1.44 oz, 18-count",23.99,"5 stars
stars",https://www.costco.com/dove-milk-chocolate-candy-bars-full-size-144-oz-18-count.product.100446987.html
"Ferrero Rocher, Milk Chocolate Hazelnut Candy, 21.2 oz, 48 Count",18.99,"5 stars
stars",https://www.costco.com/ferrero-rocher-milk-chocolate-hazelnut-candy-212-oz-48-count.product.100383408.html
Utah Truffle Milk Chocolate Mint Truffles 16oz 2-pack,39.99,"We are committed to offering the best value to our members, with a risk-free 100% satisfaction guarantee on your membership and merchandise with some exceptions and limitations*. If you have questions about your membership or products you've purchased at Costco, please visit the membership counter at your local Costco or Contact Customer Service.",https://www.costco.com/utah-truffle-milk-chocolate-mint-truffles-16oz-2-pack.product.100782185.html
Bouchard Belgian Probiotic Chocolate 1.1 lb 2-pack,59.99,"Our new Probiotic Napolitains are made with delicious Belgian dark chocolate in the city of Ghent using only the finest ingredients. We took our world-famous dark chocolate Napolitains and infused them with gut-healthy probiotics. This is incredible dark Belgian chocolate and it’s good for you. Compared to the average milk chocolate bar, our Probiotic Dark 72% chocolate, may have as much as 50% less sugar. Each Napolitain is ridged on one side and this is no accident: the ridges expose your mouth to more of that rich 72% cacao flavor.

Enjoy one yourself or share with friends!

Includes:",https://www.costco.com/bouchard-belgian-probiotic-chocolate-11-lb-2-pack.product.100687609.html
"Nestle Abuelita Hot Chocolate Drink Tablets, 24-count",17.99,,https://www.costco.com/nestle-abuelita-hot-chocolate-drink-tablets-24-count.product.100448305.html
"Kirkland Signature Raisins, Milk Chocolate, 3.4 lb",22.99,"5 stars
stars",https://www.costco.com/kirkland-signature-raisins-milk-chocolate-34-lb.product.100333883.html
"A'cappella Cheesecake Truffle Collections, 24 Truffles Total",39.99,"We are committed to offering the best value to our members, with a risk-free 100% satisfaction guarantee on your membership and merchandise with some exceptions and limitations*. If you have questions about your membership or products you've purchased at Costco, please visit the membership counter at your local Costco or Contact Customer Service.",https://www.costco.com/acappella-cheesecake-truffle-collections-24-truffles-total.product.4000273587.html
"Bouchard Belgian Napolitains Premium Dark Chocolate 32 oz,  2-pack",59.99,"Bouchard Napolitains are made with delicious Belgian dark chocolate in the city of Ghent using only the finest ingredients.  Compared to the average milk chocolate bar, our Dark 72% Napolitains may have as much as 50% less sugar.  Each Napolitain is ridged on one side. This is no accident: the ridges expose your mouth to more of that rich 72% cacao flavor.

Enjoy one yourself or share with friends!

Includes:",https://www.costco.com/bouchard-belgian-napolitains-premium-dark-chocolate-32-oz--2-pack.product.100661366.html
"Hershey's Milk Chocolate with Almonds, King Size, 18-count",34.99,"5 stars
stars",https://www.costco.com/hersheys-milk-chocolate-with-almonds-king-size-18-count.product.100441101.html
"Island Princess Mele Crunch Chocolate Toffee Crisps, 12-pack, 45 oz. Total",69.99,"We are committed to offering the best value to our members, with a risk-free 100% satisfaction guarantee on your membership and merchandise with some exceptions and limitations*. If you have questions about your membership or products you've purchased at Costco, please visit the membership counter at your local Costco or Contact Customer Service.",https://www.costco.com/island-princess-mele-crunch-chocolate-toffee-crisps-12-pack-45-oz-total.product.4000335282.html
"Toblerone Swiss Milk Chocolate Bar, 3.52 oz, 6-Count",15.99,,https://www.costco.com/toblerone-swiss-milk-chocolate-bar-352-oz-6-count.product.100810714.html
"Sanders Milk Chocolate Pecan Caramel Clusters 32 oz, 2-pack",49.99,"We are committed to offering the best value to our members, with a risk-free 100% satisfaction guarantee on your membership and merchandise with some exceptions and limitations*. If you have questions about your membership or products you've purchased at Costco, please visit the membership counter at your local Costco or Contact Customer Service.",https://www.costco.com/sanders-milk-chocolate-pecan-caramel-clusters-32-oz-2-pack.product.100782131.html
"Sanders Dark Chocolate Sea Salt Caramels 36 oz., 2-pack",49.99,"We are committed to offering the best value to our members, with a risk-free 100% satisfaction guarantee on your membership and merchandise with some exceptions and limitations*. If you have questions about your membership or products you've purchased at Costco, please visit the membership counter at your local Costco or Contact Customer Service.",https://www.costco.com/sanders-dark-chocolate-sea-salt-caramels-36-oz-2-pack.product.100660955.html
"Hershey's Milk Chocolate With Almonds, 1.45 oz, 36-count",37.99,"5 stars
stars",https://www.costco.com/hersheys-milk-chocolate-with-almonds-145-oz-36-count.product.100403298.html
"Hershey's Milk Chocolate, 1.55 oz, 36-count",37.99,"5 stars
stars",https://www.costco.com/hersheys-milk-chocolate-155-oz-36-count.product.100402635.html
"M&M's Milk Chocolate Candy, 62 oz Jar",18.99,"Same great taste, now with less waste! Our NEW assorted sustainable jars are made of 15% recycled contents, these bulk containers are A pantry essential! These colorful, bite size chocolates make great on-the-go treats—mix the perfect trail mix together when you add M&M'S candy for a fun milk chocolate treat to take on your next hike with friends or family road trip! When you stock your pantry shelf with these bulk resealable candy jars, you’ll always have a handful of happiness ready to enjoy!",https://www.costco.com/mms-milk-chocolate-candy-62-oz-jar.product.100394712.html
"York Dark Chocolate Peppermint Patties, 84 oz, 175-count",19.99,"5 stars
stars",https://www.costco.com/york-dark-chocolate-peppermint-patties-84-oz-175-count.product.100381541.html
Jacques Torres Assorted Chocolate Small Hat Box,79.99,"We are committed to offering the best value to our members, with a risk-free 100% satisfaction guarantee on your membership and merchandise with some exceptions and limitations*. If you have questions about your membership or products you've purchased at Costco, please visit the membership counter at your local Costco or Contact Customer Service.",https://www.costco.com/jacques-torres-assorted-chocolate-small-hat-box.product.4000228975.html
Godiva Masterpieces Assortment of Legendary Milk Chocolate 14.9 oz 4-Pack,64.99,"We are committed to offering the best value to our members, with a risk-free 100% satisfaction guarantee on your membership and merchandise with some exceptions and limitations*. If you have questions about your membership or products you've purchased at Costco, please visit the membership counter at your local Costco or Contact Customer Service.",https://www.costco.com/godiva-masterpieces-assortment-of-legendary-milk-chocolate-149-oz-4-pack.product.100801165.html
"Jacques Torres 14 oz. Assorted Hot Chocolate Tin & Candy Cane Hot Chocolate Tin, 3 Count, 42 oz. Total",69.99,"We are committed to offering the best value to our members, with a risk-free 100% satisfaction guarantee on your membership and merchandise with some exceptions and limitations*. If you have questions about your membership or products you've purchased at Costco, please visit the membership counter at your local Costco or Contact Customer Service.",https://www.costco.com/jacques-torres-14-oz-assorted-hot-chocolate-tin--candy-cane-hot-chocolate-tin-3-count-42-oz-total.product.4000228960.html
Jacques Torres Assorted Chocolate Large Hat Box,149.99,"We are committed to offering the best value to our members, with a risk-free 100% satisfaction guarantee on your membership and merchandise with some exceptions and limitations*. If you have questions about your membership or products you've purchased at Costco, please visit the membership counter at your local Costco or Contact Customer Service.",https://www.costco.com/jacques-torres-assorted-chocolate-large-hat-box.product.4000228937.html
"Kinder Bueno Chocolate and Hazelnut Chocolate Bars, 2 Bars, 1.5 oz, 20 Pack",19.99,"5 stars
stars",https://www.costco.com/kinder-bueno-chocolate-and-hazelnut-chocolate-bars-2-bars-15-oz-20-pack.product.100643925.html
"Nestle, Nesquik Chocolate Drink Mix, 2.81 lbs",9.39,"5 stars
stars",https://www.costco.com/nestle-nesquik-chocolate-drink-mix-281-lbs.product.100567351.html
"Hershey's King Size Milk Chocolate Bars, 2.6 oz, 18-count",34.99,"5 stars
stars",https://www.costco.com/hersheys-king-size-milk-chocolate-bars-26-oz-18-count.product.100441067.html
"3 Musketeers Chocolate Candy Bar, Full Size, 1.92 oz, 36-count",44.99,"5 stars
stars",https://www.costco.com/3-musketeers-chocolate-candy-bar-full-size-192-oz-36-count.product.100403302.html
"David’s Cookies Premier Chocolate Cake, 7.2 lbs (Serves 14)",74.99,For orders without a preferred arrival date please see the shipping schedule below.,https://www.costco.com/davids-cookies-premier-chocolate-cake-72-lbs-serves-14.product.100338718.html
"Crunch Candy Bar, 1.55 oz, 36-count",39.99,"5 stars
stars",https://www.costco.com/crunch-candy-bar-155-oz-36-count.product.100439673.html
"M&M's Chocolate Candy, Peanut, Full Size, 1.74 oz, 48-count",57.99,"Made with real milk chocolate, roasted peanuts and colorful candy shells, M&M’S Peanut Chocolate Candy are a delicious treat with a satisfying, nutty crunch. YUM! Perfect for parties and celebrations of all kinds, these tasty candies are a great addition to candy buffets and party favor bags. Grab a bag of M&M’s Peanut Chocolate Candy for your next celebration, for the office, to bake with, or to stock up your pantry. Don’t forget to treat yourself to a handful or two—we won’t tell!",https://www.costco.com/mms-chocolate-candy-peanut-full-size-174-oz-48-count.product.100402653.html
"Sanders Milk Chocolate Sea Salt Caramels 36 oz, 2-pack",49.99,"5 stars
stars",https://www.costco.com/sanders-milk-chocolate-sea-salt-caramels-36-oz-2-pack.product.100660981.html
"Hershey's Cocoa, 100% Cacao, Natural Unsweetened, 23 oz",11.99,"5 stars
stars",https://www.costco.com/hersheys-cocoa-100-cacao-natural-unsweetened-23-oz.product.100441482.html
"Pocky Cream Covered Biscuit Sticks, Chocolate, 1.41 oz, 10-count",9.99,"5 stars
stars",https://www.costco.com/pocky-cream-covered-biscuit-sticks-chocolate-141-oz-10-count.product.100445735.html
"M&M's Milk Chocolate Candy Minis, 1.08 oz, 24-count",31.99,"Enjoy a timeless favorite, miniature M&M'S made with real milk chocolate and surrounded by a colorful candy shell! Same great taste, mini style! Share delicious, colorful fun with M&M’S Chocolate Minis Candy.",https://www.costco.com/mms-milk-chocolate-candy-minis-108-oz-24-count.product.100443462.html
"Ghirardelli, Triple Chocolate Premium Brownie Mix, 6-Count",19.99,"5 stars
stars",https://www.costco.com/ghirardelli-triple-chocolate-premium-brownie-mix-6-count.product.100381454.html
"Hershey's Syrup, Chocolate, 120 oz",13.39,"5 stars
stars",https://www.costco.com/hersheys-syrup-chocolate-120-oz.product.100442244.html
"Heaton Pecans Large Square Milk Chocolate Covered Pecan Tin, 3.75 lb.",64.99,"These milk chocolate covered pecans are packaged in a gift-able tin and are perfect for any holiday! For over 31 years, Heaton Pecans' family-run business has been preparing fresh pecans. We use only the highest-quality, new crop pecans and unique cooking methods which separate them from the rest. We pride ourselves that each tin of pecans is hand-prepared by individuals whose sole purpose is to deliver you the highest quality gift available.",https://www.costco.com/heaton-pecans-large-square-milk-chocolate-covered-pecan-tin-375-lb.product.4000027473.html
Island Princess Best of Paradise Chocolate Gift Set,89.99,"We are committed to offering the best value to our members, with a risk-free 100% satisfaction guarantee on your membership and merchandise with some exceptions and limitations*. If you have questions about your membership or products you've purchased at Costco, please visit the membership counter at your local Costco or Contact Customer Service.",https://www.costco.com/island-princess-best-of-paradise-chocolate-gift-set.product.4000335202.html
Ferrara's Bakery 24 Large Cannoli's (12 Plain Filled and 12 Hand Dipped Belgian Chocolate),129.99,"We are committed to offering the best value to our members, with a risk-free 100% satisfaction guarantee on your membership and merchandise with some exceptions and limitations*. If you have questions about your membership or products you've purchased at Costco, please visit the membership counter at your local Costco or Contact Customer Service.",https://www.costco.com/ferraras-bakery-24-large-cannolis-12-plain-filled-and-12-hand-dipped-belgian-chocolate.product.100722715.html
"Kit Kat Crisp Wafers In Milk Chocolate, 1.5 oz, 36-count",37.99,"5 stars
stars",https://www.costco.com/kit-kat-crisp-wafers-in-milk-chocolate-15-oz-36-count.product.100402652.html
"Heaton Pecans White Chocolate Covered Pecans, 3.75 lb",64.99,"We are committed to offering the best value to our members, with a risk-free 100% satisfaction guarantee on your membership and merchandise with some exceptions and limitations*. If you have questions about your membership or products you've purchased at Costco, please visit the membership counter at your local Costco or Contact Customer Service.",https://www.costco.com/heaton-pecans-white-chocolate-covered-pecans-375-lb.product.4000251057.html
"Twix Share Size Chocolate Caramel Cookie Candy Bar, 3.02 oz, 24-count",41.59,,https://www.costco.com/twix-share-size-chocolate-caramel-cookie-candy-bar-302-oz-24-count.product.100444351.html
"Kirkland Signature, Organic Reduced Fat Chocolate Milk, 8.25 fl oz, 24-Count",21.99,"5 stars
stars",https://www.costco.com/kirkland-signature-organic-reduced-fat-chocolate-milk-825-fl-oz-24-count.product.100129012.html
"M&M's Chocolate Candy, Peanut, 62 oz Jar",18.99,"Same great taste, now with less waste! Our NEW assorted sustainable jars are made of 15% recycled contents, these bulk containers are A pantry essential! These colorful, bite size chocolates make great on-the-go treats—mix the perfect trail mix together when you add M&M'S candy for a fun milk chocolate treat to take on your next hike with friends or family road trip! When you stock your pantry shelf with these bulk resealable candy jars, you’ll always have a handful of happiness ready to enjoy!",https://www.costco.com/mms-chocolate-candy-peanut-62-oz-jar.product.100394694.html
"A'Cappella After Dinner Mints, 2-pack, 44 Total Mints, 10 oz. Total",44.99,"We are committed to offering the best value to our members, with a risk-free 100% satisfaction guarantee on your membership and merchandise with some exceptions and limitations*. If you have questions about your membership or products you've purchased at Costco, please visit the membership counter at your local Costco or Contact Customer Service.",https://www.costco.com/acappella-after-dinner-mints-2-pack-44-total-mints-10-oz-total.product.4000268141.html
"Nonni’s Biscotti, Almond Dark Chocolate, 25-count",13.79,"5 stars
stars",https://www.costco.com/nonnis-biscotti-almond-dark-chocolate-25-count.product.4000026392.html
"Swiss Miss, Hot Cocoa Mix, 1.38 oz, 50-Count",9.99,"5 stars
stars",https://www.costco.com/swiss-miss-hot-cocoa-mix-138-oz-50-count.product.100461841.html
"belVita Breakfast Sandwich Biscuits, Dark Chocolate Creme, 1.76 oz, 25-count",14.99,"5 stars
stars",https://www.costco.com/belvita-breakfast-sandwich-biscuits-dark-chocolate-creme-176-oz-25-count.product.4000328393.html
"Hershey's Variety Pack, 30-count",31.99,"5 stars
stars",https://www.costco.com/hersheys-variety-pack-30-count.product.100381538.html
"M&M's Milk Chocolate Candy, Full Size, 1.69 oz, 48-count",57.99,"5 stars
stars",https://www.costco.com/mms-milk-chocolate-candy-full-size-169-oz-48-count.product.100403280.html
"Power Crunch Protein Energy Bar, Triple Chocolate, 1.4 oz, 12-count",14.49,,https://www.costco.com/power-crunch-protein-energy-bar-triple-chocolate-14-oz-12-count.product.100642408.html
"Reese's White Peanut Butter Cup, 1.39 oz, 24-count",26.99,,https://www.costco.com/reeses-white-peanut-butter-cup-139-oz-24-count.product.100443734.html
"Milky Way Full Size Chocolate Candy, Caramel, 1.84 oz, 36-count",44.99,"This bulk chocolate candy box includes 36 individually wrapped Full Size MILKY WAY chocolate candy bars. Smooth nougat, creamy caramel, and rich milk chocolate; that's what some might call the MILKY WAY trifecta. A treat this delectable is too good not to share. This bulk candy box featuring 36 MILKY WAY chocolate candy bars makes it easy to share delicious chocolate and caramel with friends, family, and coworkers. Individually wrapped bulk Full Size candy bars are ideal for keeping the pantry stocked for movie night with the family and small celebrations with friends. These caramel-filled candy bars make great on-the-go treats, pack them in lunches, or take them along on family road trips to enjoy caramel chocolate candy on the road. MILKY WAY bulk Full Size candy bars are a tasty way to share your love of chocolate candy with friends and family. Buying candy bars in bulk ensures you have plenty of chocolate on hand for filling candy bags and candy gift baskets. Be the best house on the block this Halloween when you hand out Full Size MILKY WAY chocolate candy to Trick-or-Treaters Full Size candy bars make great stocking stuffer candy gifts and Easter basket candy. This 36-count bulk candy package is great for stocking vending machines, concession stands, and even the office pantry. Distractingly delicious, there's no wrong way to enjoy MILKY WAY Full Size candy bars.",https://www.costco.com/milky-way-full-size-chocolate-candy-caramel-184-oz-36-count.product.100409490.html
"Andes Mints, Creme de Menthe, 240-count",15.99,"5 stars
stars",https://www.costco.com/andes-mints-creme-de-menthe-240-count.product.100450862.html
"Snickers Chocolate Candy Bars, Share Size, 3.29 oz, 24 count",41.59,,https://www.costco.com/snickers-chocolate-candy-bars-share-size-329-oz-24-count.product.100409663.html
David’s Cookies Decadent Triple Chocolate made with mini Hershey’s Kisses and Reese’s Peanut Butter Cup Cookies Tin – 2 Count,39.99,"We are committed to offering the best value to our members, with a risk-free 100% satisfaction guarantee on your membership and merchandise with some exceptions and limitations*. If you have questions about your membership or products you've purchased at Costco, please visit the membership counter at your local Costco or Contact Customer Service.",https://www.costco.com/davids-cookies-decadent-triple-chocolate-made-with-mini-hersheys-kisses-and-reeses-peanut-butter-cup-cookies-tin--2-count.product.100496480.html
"Famous Amos Cookies, Chocolate Chip, 2 oz, 42-count",20.99,"5 stars
stars",https://www.costco.com/famous-amos-cookies-chocolate-chip-2-oz-42-count.product.100113284.html
"Chocolate Moonshine Fudge, 6 count Variety Party Pack, 3 lbs Total",44.99,"We are committed to offering the best value to our members, with a risk-free 100% satisfaction guarantee on your membership and merchandise with some exceptions and limitations*. If you have questions about your membership or products you've purchased at Costco, please visit the membership counter at your local Costco or Contact Customer Service.",https://www.costco.com/chocolate-moonshine-fudge-6-count-variety-party-pack-3-lbs-total.product.4000232156.html
"Reese's Peanut Butter Cups, Miniatures, 0.31 oz, 105-count",12.99,"5 stars
stars",https://www.costco.com/reeses-peanut-butter-cups-miniatures-031-oz-105-count.product.100409523.html
"Cheryl's Chocolate Chip Cookie Box, 1.5 oz., 35-count",34.99,"We are committed to offering the best value to our members, with a risk-free 100% satisfaction guarantee on your membership and merchandise with some exceptions and limitations*. If you have questions about your membership or products you've purchased at Costco, please visit the membership counter at your local Costco or Contact Customer Service.",https://www.costco.com/cheryls-chocolate-chip-cookie-box-15-oz-35-count.product.4000369656.html
"M&M's Chocolate Candy, Peanut, Share Size, 3.27 oz, 24-count",49.99,"Made with real milk chocolate, roasted peanuts and colorful candy shells, M&M’S Peanut Chocolate Candy are a delicious treat with a satisfying, nutty crunch. YUM! Perfect for parties and celebrations of all kinds, these tasty candies are a great addition to candy buffets and party favor bags. Grab a bag of M&M’s Peanut Chocolate Candy for your next celebration, for the office, to bake with, or to stock up your pantry. Don’t forget to treat yourself to a handful or two—we won’t tell!",https://www.costco.com/mms-chocolate-candy-peanut-share-size-327-oz-24-count.product.100409524.html
"Nutella & GO! Hazelnut and Cocoa Spread With Pretzels, 1.9 oz, 16 Pack",18.99,"5 stars
stars",https://www.costco.com/nutella--go-hazelnut-and-cocoa-spread-with-pretzels-19-oz-16-pack.product.100650316.html
"Butterfinger, Share Size  Pack, 3.7 oz, 18-count",32.99,"5 stars
stars",https://www.costco.com/butterfinger-share-size--pack-37-oz-18-count.product.100450496.html
"OREO Chocolate Sandwich Cookies, 2.4 oz, 30-count",15.99,"Not too little, not too much",https://www.costco.com/oreo-chocolate-sandwich-cookies-24-oz-30-count.product.100381426.html
"Hershey's, Cookies N' Creme, 1.55 oz, 36-count",37.99,"5 stars
stars",https://www.costco.com/hersheys-cookies-n-creme-155-oz-36-count.product.100434551.html
"Skippy Peanut Butter & Chocolate Fudge Wafer Bar, 1.3 oz, 22-Count",13.99,,https://www.costco.com/skippy-peanut-butter--chocolate-fudge-wafer-bar-13-oz-22-count.product.4000146022.html
"OREO Chocolate Sandwich Cookies, Stay Fresh Packs, 12-Count",13.49,"Not too little, not too much",https://www.costco.com/oreo-chocolate-sandwich-cookies-stay-fresh-packs-12-count.product.100982907.html
"Snickers Chocolate Candy Bars, Full Size, 1.86 oz, 48-count",59.99,"5 stars
stars",https://www.costco.com/snickers-chocolate-candy-bars-full-size-186-oz-48-count.product.100402649.html
"Reese's Peanut Butter Cups, Milk Chocolate, 1.5 oz, 36-count",37.99,"5 stars
stars",https://www.costco.com/reeses-peanut-butter-cups-milk-chocolate-15-oz-36-count.product.100402651.html
"David's Cookies Chocolate Fudge Birthday Cake, 3.75 lbs.  Includes Party Pack (16 Servings)",64.99,For orders without a preferred arrival date please see the shipping schedule below.,https://www.costco.com/davids-cookies-chocolate-fudge-birthday-cake-375-lbs--includes-party-pack-16-servings.product.100431056.html
"7Days Soft Baked Croissant, Chocolate Filling, 2.65 oz, 12-count",13.99,"5 stars
stars",https://www.costco.com/7days-soft-baked-croissant-chocolate-filling-265-oz-12-count.product.4000331509.html
"Rodelle, Gourmet Baking Cocoa Powder, 25 oz",12.79,"5 stars
stars",https://www.costco.com/rodelle-gourmet-baking-cocoa-powder-25-oz.product.100381408.html
"Twix Caramel Cookie Chocolate Candy Bar, Full Size, 1.79 oz, 36-count",44.99,"This full size candy bars variety pack features thirty singles size SNICKERS Chocolate Bars, M&M'S Peanut Chocolate Candies, M&M'S Milk Chocolate Candies, TWIX Cookie Bars, and MILKY WAY Candy Bars. Order this box of assorted chocolate bars to make sure you're the hero house on Halloween night or the favorite party guest. Individually wrapped packs also make a great addition to concession stands and fundraisers. Be sure to get these classic favorites for your vending machines.

This 30-count variety mix of full size chocolate bars features SNICKERS, TWIX, M&M'S Peanut Chocolate Candies, M&M'S Milk Chocolate Candies and MILKY WAY Chocolate Candy Bars.",https://www.costco.com/twix-caramel-cookie-chocolate-candy-bar-full-size-179-oz-36-count.product.100403294.html
"Reese's Sticks, King Size, 3 oz, 24-count",45.99,"5 stars
stars",https://www.costco.com/reeses-sticks-king-size-3-oz-24-count.product.100440908.html
"Reese's Peanut Butter Cups, King Size, 2.8 oz, 24-count",44.99,"5 stars
stars",https://www.costco.com/reeses-peanut-butter-cups-king-size-28-oz-24-count.product.100402634.html
"Butterfinger Candy Bar, 1.9 oz, 36-count",39.99,"5 stars
stars",https://www.costco.com/butterfinger-candy-bar-19-oz-36-count.product.100403306.html
"FITCRUNCH Protein Bars, 16g Protein, Mint Chocolate Chip, 1.62 oz, 18-count",22.99,,https://www.costco.com/fitcrunch-protein-bars-16g-protein-mint-chocolate-chip-162-oz-18-count.product.100784586.html
"M&M's, Snickers and More Chocolate Candy Bars, Variety Pack, 30-count",33.99,"5 stars
stars",https://www.costco.com/mms-snickers-and-more-chocolate-candy-bars-variety-pack-30-count.product.100381504.html
"M&M's Chocolate Candy, Peanut Butter, 55 oz Jar",18.99,"Add delicious, colorful fun to everyday celebrations with M&M'S Peanut Butter Chocolate Candy Jars. This 55 ounce bulk resealable candy jar full of peanut butter chocolate candy is a must for your pantry list. Enjoy real peanut butter covered in delicious milk chocolate and a colorful candy shell. Packaged in a resealable jar to keep the fun contained, this bulk candy jar is ideal for keeping the pantry stocked for movie night with the family and small celebrations with friends. These colorful peanut butter chocolate candies make great to-go treats, pack them in lunches or take them along on family road trips to enjoy peanut chocolate candy on the road. Mix the perfect trail mix with Peanut Butter M&M'S candy for a fun peanut butter, chocolate treat to take along on hikes and outdoor activities. Decorate cookies and brownies with these bite-size candy pieces, M&M'S Peanut Butter Chocolate Candy make great additions to all your sweet treats. This bulk chocolate jar is a tasty way to share your love of peanut butter and chocolate with friends and family. The pantry-size jar is also great for stocking candy buffet tables and filling the office candy dish to enjoy a midday chocolate candy pick-me-up. There are endless ways to colorful fun with this Peanut Butter M&M'S bulk candy jar.",https://www.costco.com/mms-chocolate-candy-peanut-butter-55-oz-jar.product.100639615.html
"Yoo-hoo Chocolate Drink, 6.5 fl oz, 40-count",14.39,"5 stars
stars",https://www.costco.com/yoo-hoo-chocolate-drink-65-fl-oz-40-count.product.100529665.html
"Meiji Hello Panda Chocolate Creme Filled Cookies, 0.75 oz, 32-count",11.99,"5 stars
stars",https://www.costco.com/meiji-hello-panda-chocolate-creme-filled-cookies-075-oz-32-count.product.100368214.html
"Kirkland Signature Protein Bar, Variety Pack, 2.12 oz, 20-count",26.49,"5 stars
stars",https://www.costco.com/kirkland-signature-protein-bar-variety-pack-212-oz-20-count.product.100296198.html
"Glucerna Diabetic Nutritional Beverage, 8 Fluid Ounces, 24 Shakes",36.99,"We are committed to offering the best value to our members, with a risk-free 100% satisfaction guarantee on your membership and merchandise with some exceptions and limitations*. If you have questions about your membership or products you've purchased at Costco, please visit the membership counter at your local Costco or Contact Customer Service.",https://www.costco.com/glucerna-diabetic-nutritional-beverage-8-fluid-ounces-24-shakes.product.4000033343.html
"Birdman Falcon Organic Vegan Protein Powder, Chocolate, 40 Servings, 2.64lb",43.99,"We are committed to offering the best value to our members, with a risk-free 100% satisfaction guarantee on your membership and merchandise with some exceptions and limitations*. If you have questions about your membership or products you've purchased at Costco, please visit the membership counter at your local Costco or Contact Customer Service.",https://www.costco.com/birdman-falcon-organic-vegan-protein-powder-chocolate-40-servings-264lb.product.4000327523.html
"Hershey's Kit Kat, King Size, 3 oz, 24-count",46.99,"5 stars
stars",https://www.costco.com/hersheys-kit-kat-king-size-3-oz-24-count.product.100409650.html
"M&M's, Skittles and More Candy Bars, Variety Pack, Full Size, 30-count",33.99,"Everyone has a favorite candy, so make sure you have them all! Stock up on chocolate favorites like M&M’S candy, SNICKERS chocolate candy bars, TWIX caramel cookie chocolate bars, MILKY WAY caramel candy bars and chewy candy must haves like SKITTLES candy and STARBURST fruit chews.",https://www.costco.com/mms-skittles-and-more-candy-bars-variety-pack-full-size-30-count.product.100383396.html
"BrainCare Brain Omega 3 Bar, Fig & Dark Chocolate, 2.1 oz, 16-count",29.99,"We are committed to offering the best value to our members, with a risk-free 100% satisfaction guarantee on your membership and merchandise with some exceptions and limitations*. If you have questions about your membership or products you've purchased at Costco, please visit the membership counter at your local Costco or Contact Customer Service.",https://www.costco.com/braincare-brain-omega-3-bar-fig--dark-chocolate-21-oz-16-count.product.4000310574.html
Best of Hawaii Gift Set,114.99,"We are committed to offering the best value to our members, with a risk-free 100% satisfaction guarantee on your membership and merchandise with some exceptions and limitations*. If you have questions about your membership or products you've purchased at Costco, please visit the membership counter at your local Costco or Contact Customer Service.",https://www.costco.com/best-of-hawaii-gift-set.product.100973078.html
David's Cookies 90-piece Gourmet Chocolate Chunk Frozen Cookie Dough,64.99,For orders without a preferred arrival date please see the shipping schedule below.,https://www.costco.com/davids-cookies-90-piece-gourmet-chocolate-chunk-frozen-cookie-dough.product.100651546.html
"Bon Appetit, Mini Chocolate Donuts, 6-Pack, 8-Count",13.99,,https://www.costco.com/bon-appetit-mini-chocolate-donuts-6-pack-8-count.product.100856769.html
"Boost Glucose Control Balanced Nutritional Drink, Rich Chocolate, 8 fl oz, 24 count",,,https://www.costco.com/boost-glucose-control-balanced-nutritional-drink-rich-chocolate-8-fl-oz-24-count.product.4000202987.html
"The Cake Bake Shop 8"" Round Chocolate Cake (16-22 Servings)",159.99,"We are committed to offering the best value to our members, with a risk-free 100% satisfaction guarantee on your membership and merchandise with some exceptions and limitations*. If you have questions about your membership or products you've purchased at Costco, please visit the membership counter at your local Costco or Contact Customer Service.",https://www.costco.com/the-cake-bake-shop-8-round-chocolate-cake-16-22-servings.product.4000181494.html
"G2G 3-pack Almond Chocolate Chip Protein Bars, 24-count",49.99,"We are committed to offering the best value to our members, with a risk-free 100% satisfaction guarantee on your membership and merchandise with some exceptions and limitations*. If you have questions about your membership or products you've purchased at Costco, please visit the membership counter at your local Costco or Contact Customer Service.",https://www.costco.com/g2g-3-pack-almond-chocolate-chip-protein-bars-24-count.product.4000229203.html
"Kirkland Signature Whey Protein, Creamy Chocolate, 5.4lbs",54.99,"We are committed to offering the best value to our members, with a risk-free 100% satisfaction guarantee on your membership and merchandise with some exceptions and limitations*. If you have questions about your membership or products you've purchased at Costco, please visit the membership counter at your local Costco or Contact Customer Service.",https://www.costco.com/kirkland-signature-whey-protein-creamy-chocolate-54lbs.product.4000287218.html
Mrs. Prindables 6 Gourmet Caramel Apples and Confections Gift Basket,109.99,"The incredible Mrs. Prindables Gourmet Caramel Apple & Confections Gift Basket is overflowing with delectable creations! Featuring 13 individual items in 7 unique flavor combinations, this gift is sure to delight everyone!",https://www.costco.com/mrs-prindables-6-gourmet-caramel-apples-and-confections-gift-basket.product.4000043723.html
"Keebler Bite Size Cookies made with Milk Chocolate M&M's Minis, 1.6 oz, 30-count",14.99,"5 stars
stars",https://www.costco.com/keebler-bite-size-cookies-made-with-milk-chocolate-mms-minis-16-oz-30-count.product.100420857.html
"M&M's Chocolate Candy, Peanut Butter, Full Size 1.63 oz, 24-count",31.99,"Made with smooth, creamy peanut butter, real milk chocolate, and a colorful candy shell. This dynamic duo of peanut butter and chocolate is perfect for parties and celebrations of all kinds. A great addition to candy buffets and party favor bags, your guests will go nuts for these delicious peanut butter candy pieces! Grab a bag for your next celebration, for the office, to bake with or to stock up your pantry. M&M'S Peanut Butter Chocolate Candy is the sweet that always hits the spot!",https://www.costco.com/mms-chocolate-candy-peanut-butter-full-size-163-oz-24-count.product.100453415.html
"Haagen Dazs Vanilla Milk Chocolate Almond Ice Cream Bars, 3 fl oz, 15-count",,"5 stars
stars",https://www.costco.com/haagen-dazs-vanilla-milk-chocolate-almond-ice-cream-bars-3-fl-oz-15-count.product.100383413.html
"Sugarfina Vice Cafe Candy Bento Box, 8 Small Cubes",59.99,Sugarfina Vice Cafe Collection,https://www.costco.com/sugarfina-vice-cafe-candy-bento-box-8-small-cubes.product.4000044207.html
"Orgain Plant-Based Protein Shake Creamy Chocolate, 11 fl oz, 18-pack",--,"We are committed to offering the best value to our members, with a risk-free 100% satisfaction guarantee on your membership and merchandise with some exceptions and limitations*. If you have questions about your membership or products you've purchased at Costco, please visit the membership counter at your local Costco or Contact Customer Service.",https://www.costco.com/orgain-plant-based-protein-shake-creamy-chocolate-11-fl-oz-18-pack.product.100493434.html
"Lenny & Larry's The Complete Cookie, White Chocolate Flavored Macadamia, 4 oz, 12 count",17.99,"5 stars
stars",https://www.costco.com/lenny--larrys-the-complete-cookie-white-chocolate-flavored-macadamia-4-oz-12-count.product.4000154302.html
"Clif Kid ZBar Organic Granola Bar, Variety Pack, 1.27 oz, 36-count",24.99,,https://www.costco.com/clif-kid-zbar-organic-granola-bar-variety-pack-127-oz-36-count.product.100403275.html
"Quaker Chewy Granola Bars, Variety Pack, 0.84 oz, 60-count",11.99,"5 stars
stars",https://www.costco.com/quaker-chewy-granola-bars-variety-pack-084-oz-60-count.product.100371267.html
"Reese's Fast Break, King Size, 3.5 oz 18-count",34.99,"5 stars
stars",https://www.costco.com/reeses-fast-break-king-size-35-oz-18-count.product.100451450.html
"No Sugar Keto Bar, Chocolate Mint, 12-count, 2-pack",42.99,"We are committed to offering the best value to our members, with a risk-free 100% satisfaction guarantee on your membership and merchandise with some exceptions and limitations*. If you have questions about your membership or products you've purchased at Costco, please visit the membership counter at your local Costco or Contact Customer Service.",https://www.costco.com/no-sugar-keto-bar-chocolate-mint-12-count-2-pack.product.100788972.html
"Starbucks Classic Hot Cocoa Mix 30 oz, 2-pack",42.99,"We are committed to offering the best value to our members, with a risk-free 100% satisfaction guarantee on your membership and merchandise with some exceptions and limitations*. If you have questions about your membership or products you've purchased at Costco, please visit the membership counter at your local Costco or Contact Customer Service.",https://www.costco.com/starbucks-classic-hot-cocoa-mix-30-oz-2-pack.product.100071096.html
"KIND Mini's Dark Chocolate Variety Pack, 0.7 oz, 36-count",17.99,"5 stars
stars",https://www.costco.com/kind-minis-dark-chocolate-variety-pack-07-oz-36-count.product.4000299529.html
"The Worthy Crumb, Mini Muffins, Chocolate Chip, 2.6 oz, 16 Count",14.99,,https://www.costco.com/the-worthy-crumb-mini-muffins-chocolate-chip-26-oz-16-count.product.100640971.html
"Chips Ahoy! Cookies, Chocolate Chip, 1.55 oz, 24-count",12.99,"5 stars
stars",https://www.costco.com/chips-ahoy-cookies-chocolate-chip-155-oz-24-count.product.100744619.html
"Orgain USDA Organic Kids Nutritional Protein Shake, Chocolate, 8 fl oz, 24-pack",--,"We are committed to offering the best value to our members, with a risk-free 100% satisfaction guarantee on your membership and merchandise with some exceptions and limitations*. If you have questions about your membership or products you've purchased at Costco, please visit the membership counter at your local Costco or Contact Customer Service.",https://www.costco.com/orgain-usda-organic-kids-nutritional-protein-shake-chocolate-8-fl-oz-24-pack.product.100485973.html
"Kirkland Signature Chewy Protein Bar, Peanut Butter & Semisweet Chocolate Chip, 1.41 oz, 42-Count",16.99,"5 stars
stars",https://www.costco.com/kirkland-signature-chewy-protein-bar-peanut-butter--semisweet-chocolate-chip-141-oz-42-count.product.100664982.html
"FITCRUNCH Wafer Protein Bars, 16g Protein, Chocolate Peanut Butter, 1.59 oz, 18-count",22.99,"5 stars
stars",https://www.costco.com/fitcrunch-wafer-protein-bars-16g-protein-chocolate-peanut-butter-159-oz-18-count.product.4000243026.html
"Sugar Bowl Bakery, Brownie Bites, 32-Count",8.99,"5 stars
stars",https://www.costco.com/sugar-bowl-bakery-brownie-bites-32-count.product.100381600.html
"Nurri 30g Protein Shake, Chocolate, 11 fl oz, 12-pack",26.99,"We are committed to offering the best value to our members, with a risk-free 100% satisfaction guarantee on your membership and merchandise with some exceptions and limitations*. If you have questions about your membership or products you've purchased at Costco, please visit the membership counter at your local Costco or Contact Customer Service.",https://www.costco.com/nurri-30g-protein-shake-chocolate-11-fl-oz-12-pack.product.4000305451.html
"Ascent 100% Whey, Native Whey Protein Blend, Chocolate, 4.25 lbs",54.99,"We are committed to offering the best value to our members, with a risk-free 100% satisfaction guarantee on your membership and merchandise with some exceptions and limitations*. If you have questions about your membership or products you've purchased at Costco, please visit the membership counter at your local Costco or Contact Customer Service.",https://www.costco.com/ascent-100-whey-native-whey-protein-blend-chocolate-425-lbs.product.100985271.html
"MadeGood Organic Granola Minis, Variety Pack, 0.85 oz, 24-count",14.49,"5 stars
stars",https://www.costco.com/madegood-organic-granola-minis-variety-pack-085-oz-24-count.product.100773518.html
"Clif Builder's Protein Bar, Variety Pack, 2.40 oz, 18-count",20.49,,https://www.costco.com/clif-builders-protein-bar-variety-pack-240-oz-18-count.product.100403296.html
"Optimum Nutrition Gold Standard 100% Whey Protein Powder, Extreme Milk Chocolate, 5.64 lbs",--,,https://www.costco.com/optimum-nutrition-gold-standard-100-whey-protein-powder-extreme-milk-chocolate-564-lbs.product.100428750.html
David's Cookies Brownie and Cookie Combo Pack,29.99,"We are committed to offering the best value to our members, with a risk-free 100% satisfaction guarantee on your membership and merchandise with some exceptions and limitations*. If you have questions about your membership or products you've purchased at Costco, please visit the membership counter at your local Costco or Contact Customer Service.",https://www.costco.com/davids-cookies-brownie-and-cookie-combo-pack.product.100130229.html
"No Sugar Keto Bar, Chocolate Peanut Butter, 12-count, 2-pack",42.99,"We are committed to offering the best value to our members, with a risk-free 100% satisfaction guarantee on your membership and merchandise with some exceptions and limitations*. If you have questions about your membership or products you've purchased at Costco, please visit the membership counter at your local Costco or Contact Customer Service.",https://www.costco.com/no-sugar-keto-bar-chocolate-peanut-butter-12-count-2-pack.product.100789012.html
"Nutella Biscuits, 9.7 oz, 4-count",14.99,"5 stars
stars",https://www.costco.com/nutella-biscuits-97-oz-4-count.product.4000250022.html
"Levels Grass Fed Whey Protein, Double Chocolate, 5.64 lbs",69.99,"We are committed to offering the best value to our members, with a risk-free 100% satisfaction guarantee on your membership and merchandise with some exceptions and limitations*. If you have questions about your membership or products you've purchased at Costco, please visit the membership counter at your local Costco or Contact Customer Service.",https://www.costco.com/levels-grass-fed-whey-protein-double-chocolate-564-lbs.product.4000318956.html
"Nutella Hazelnut Spread with Cocoa, 33.5 oz, 2-count",12.59,"5 stars
stars",https://www.costco.com/nutella-hazelnut-spread-with-cocoa-335-oz-2-count.product.100371265.html
"Hostess Cupcakes & Twinkies, 32-count",10.99,"5 stars
stars",https://www.costco.com/hostess-cupcakes--twinkies-32-count.product.4000153042.html
"Nutella & GO! Hazelnut and Cocoa Spread With Breadsticks, 1.8 oz, 16 Pack",18.99,"5 stars
stars",https://www.costco.com/nutella--go-hazelnut-and-cocoa-spread-with-breadsticks-18-oz-16-pack.product.100401345.html
"Kellogg's Rice Krispie Treats, 1.3 oz, 25-count",11.99,"5 stars
stars",https://www.costco.com/kelloggs-rice-krispie-treats-13-oz-25-count.product.100409587.html
"Fruit By The Foot, Variety, 0.75 oz, 48-count",15.49,"5 stars
stars",https://www.costco.com/fruit-by-the-foot-variety-075-oz-48-count.product.100762844.html
"Nutella B-Ready Crispy Wafers Filled with Nutella, 0.7 oz, 36-count",15.99,"5 stars
stars",https://www.costco.com/nutella-b-ready-crispy-wafers-filled-with-nutella-07-oz-36-count.product.4000067571.html
"David’s Cookies Variety Cheesecakes, 2-pack (28 Slices Total)",69.99,For orders without a preferred arrival date please see the shipping schedule below.,https://www.costco.com/davids-cookies-variety-cheesecakes-2-pack-28-slices-total.product.100158259.html
"Orgain Clean Grass Fed Protein Shake, Creamy Chocolate Fudge, 11 fl oz, 18-pack",--,,https://www.costco.com/orgain-clean-grass-fed-protein-shake-creamy-chocolate-fudge-11-fl-oz-18-pack.product.100735574.html
"Ready Protein Bar, Chocolate Peanut Butter and Sea Salt, 24-count, 2 pack",54.99,"The deliciously all-natural and clean way to power your special efforts. No additives...no preservatives...just 15g of clean protein and 7g of fiber with added flaxseeds to energize your active and athletic lifestyle.   

Includes:",https://www.costco.com/ready-protein-bar-chocolate-peanut-butter-and-sea-salt-24-count-2-pack.product.100652206.html
"OWYN 32g Pro Elite Protein Shake, Chocolate, 11.15 fl oz, 18-pack",32.99,"We are committed to offering the best value to our members, with a risk-free 100% satisfaction guarantee on your membership and merchandise with some exceptions and limitations*. If you have questions about your membership or products you've purchased at Costco, please visit the membership counter at your local Costco or Contact Customer Service.",https://www.costco.com/owyn-32g-pro-elite-protein-shake-chocolate-1115-fl-oz-18-pack.product.4000374699.html
"Pocky Cream Covered Biscuit Sticks, Strawberry, 1.41 oz, 10-count",9.99,"5 stars
stars",https://www.costco.com/pocky-cream-covered-biscuit-sticks-strawberry-141-oz-10-count.product.100438044.html
"RXBAR Protein Bars, Variety Pack, 14-count",20.99,"5 stars
stars",https://www.costco.com/rxbar-protein-bars-variety-pack-14-count.product.4000204335.html
"CLIF BAR Energy Bar, Variety Pack, 2.4 oz, 26-count",25.99,"CLIF BAR Energy Bars are thoughtfully made with sustainably sourced ingredients like chocolate chips and crunchy peanuts for serious satisfaction, all in a variety pack of craveable flavors.",https://www.costco.com/clif-bar-energy-bar-variety-pack-24-oz-26-count.product.100785499.html
"Loacker Classic Crispy Wafers, Hazelnut, 1.59 oz, 12 Count",9.49,,https://www.costco.com/loacker-classic-crispy-wafers-hazelnut-159-oz-12-count.product.100845469.html
"Premier 30g Protein PLUS Energy and Immune Support Shakes, Chocolate, 11 fl oz, 18-pack",36.99,"We are committed to offering the best value to our members, with a risk-free 100% satisfaction guarantee on your membership and merchandise with some exceptions and limitations*. If you have questions about your membership or products you've purchased at Costco, please visit the membership counter at your local Costco or Contact Customer Service.",https://www.costco.com/premier-30g-protein-plus-energy-and-immune-support-shakes-chocolate-11-fl-oz-18-pack.product.100651919.html
"Kellogg's Rice Krispies Treats, Variety Pack, 60-count",14.99,,https://www.costco.com/kelloggs-rice-krispies-treats-variety-pack-60-count.product.4000326278.html
"Starburst Chewy Candy, Original, 54 oz",11.99,"5 stars
stars",https://www.costco.com/starburst-chewy-candy-original-54-oz.product.100640602.html
"Skittles Wild Berry Chewy Candy, Full Size, 2.17 oz, 36-count",44.99,"5 stars
stars",https://www.costco.com/skittles-wild-berry-chewy-candy-full-size-217-oz-36-count.product.100415925.html
"Skittles Bite Size Candies, Original, 54 oz",11.99,"Share the Rainbow when you stock up on Skittles Original Fruity Candy. Enjoy the classic fruity, chewy candy you love in a convenient and easy-to-pour container. Every bulk jar of Skittles Original Fruity Candy is filled with classic fruity flavors, including strawberry, orange, grape, lemon and lime. Bring these tasty bite-size candies to the candy buffet at weddings, birthdays or any celebration. This bulk candy jar is easy to store, so be sure to stock up and save some of the fun for later with resealable packaging. Get creative; Skittles Candy is a colorful way to add a dash of flair to desserts. Surprise guests by featuring the bold taste of Skittles Candy in your favorite baking recipes. Enjoy the fruity taste of Skittles Original Fruity Candy as an afternoon treat at the office or portion some out to take on road trips with your friends and family. Each resealable plastic jar of fruity, chewy Skittles Original Candy comes packed with enough candy to share with friends, family or coworkers for any occasion. Stock the office pantry with a classic candy treat everyone will love. Taste the Rainbow.",https://www.costco.com/skittles-bite-size-candies-original-54-oz.product.100640009.html
"Skittles Original Chewy Candy, Full Size, 2.17 oz, 36-count",44.99,,https://www.costco.com/skittles-original-chewy-candy-full-size-217-oz-36-count.product.100409651.html
"Starburst Chewy Candy, Original, Full Size, 2.07 oz, 36-count",41.99,"Experience the EXTRAordinary juiciness of STARBURST Fruit Chews. With 36 singles size packs of STARBURST Original Candy in every box, there's plenty of fruity, chewy fun for everyone. Featuring the original STARBURST Candy flavors that started it all: strawberry, cherry, orange and lemon flavors. This bulk candy package is great for stocking concession stands, vending machines or the office pantry. From STARBURST candies right out of the wrapper to STARBURST recipes and decorations, there are endless ways to add a burst of juicy flavor every day.",https://www.costco.com/starburst-chewy-candy-original-full-size-207-oz-36-count.product.100403300.html
"Gushers Super Sour Fruit Flavored Snacks, 0.8 oz, 42-count",14.99,,https://www.costco.com/gushers-super-sour-fruit-flavored-snacks-08-oz-42-count.product.4000352126.html
"Keebler Fudge Stripes Minis Shortbread Cookies, 2 oz, 36-count",16.49,"5 stars
stars",https://www.costco.com/keebler-fudge-stripes-minis-shortbread-cookies-2-oz-36-count.product.4000336792.html
"Skittles Fruit Snacks, Original, 0.8 oz, 42-count",14.99,"Get ready for fruity fun with SKITTLES Original Fruit Snacks—jam-packed with real fruit juice, these squishy bites feature the five classic SKITTLES Original fruit flavors you love: strawberry, orange, grape, green apple, and lemon. Whether you're binge-watching your favorite show, road-tripping with family, or hiking with friends, these individually wrapped snacks are your fruity sidekick! Taste the Rainbow in a NEW way—add SKITTLES Fruit Snacks to your cart today!",https://www.costco.com/skittles-fruit-snacks-original-08-oz-42-count.product.4000277241.html
"Huel Black Edition High-Protein Chocolate Meal Replacement Drink, 16.9 fl oz, 12-pack",38.99,"We are committed to offering the best value to our members, with a risk-free 100% satisfaction guarantee on your membership and merchandise with some exceptions and limitations*. If you have questions about your membership or products you've purchased at Costco, please visit the membership counter at your local Costco or Contact Customer Service.",https://www.costco.com/huel-black-edition-high-protein-chocolate-meal-replacement-drink-169-fl-oz-12-pack.product.4000368197.html
"Premier 30g Protein PLUS Energy and Immune Support Shakes, Chocolate Peanut Butter, 11 fl oz, 18-pack",36.99,"We are committed to offering the best value to our members, with a risk-free 100% satisfaction guarantee on your membership and merchandise with some exceptions and limitations*. If you have questions about your membership or products you've purchased at Costco, please visit the membership counter at your local Costco or Contact Customer Service.",https://www.costco.com/premier-30g-protein-plus-energy-and-immune-support-shakes-chocolate-peanut-butter-11-fl-oz-18-pack.product.4000177600.html
"Austin Cake Ball Catering Assortment, 48 Cake Balls",99.99,"Due to the perishable nature of this item, orders do not ship over the weekend. Orders will ship Monday and Tuesday.  Orders placed after 9 am PST on Tuesday will not ship until the following Monday.

Lots of folks calls for lots of cake balls!  Enjoy this four dozen assortment of our best selling flavors.",https://www.costco.com/austin-cake-ball-catering-assortment-48-cake-balls.product.4000035726.html
"Kirkland Signature Protein Bars Chocolate Chip Cookie Dough 2.12 oz., 20-count",26.49,,https://www.costco.com/kirkland-signature-protein-bars-chocolate-chip-cookie-dough-212-oz-20-count.product.100398623.html
Ferrara's Bakery Rainbow Cookies 1.5 lb,34.99,"We are committed to offering the best value to our members, with a risk-free 100% satisfaction guarantee on your membership and merchandise with some exceptions and limitations*. If you have questions about your membership or products you've purchased at Costco, please visit the membership counter at your local Costco or Contact Customer Service.",https://www.costco.com/ferraras-bakery-rainbow-cookies-15-lb.product.100722721.html
"Orgain Organic Protein and Superfoods Plant Based Protein Powder, Creamy Chocolate Fudge, 2.64 lbs",--,"We are committed to offering the best value to our members, with a risk-free 100% satisfaction guarantee on your membership and merchandise with some exceptions and limitations*. If you have questions about your membership or products you've purchased at Costco, please visit the membership counter at your local Costco or Contact Customer Service.",https://www.costco.com/orgain-organic-protein-and-superfoods-plant-based-protein-powder-creamy-chocolate-fudge-264-lbs.product.100736451.html
"KIND Nut Bar, Variety Pack, 1.4 oz, 22-count",15.99,"5 stars
stars",https://www.costco.com/kind-nut-bar-variety-pack-14-oz-22-count.product.4000238556.html
"IQBAR Plant Protein Bars, Variety Pack, 1.6 oz, 18-count",22.49,"5 stars
stars",https://www.costco.com/iqbar-plant-protein-bars-variety-pack-16-oz-18-count.product.4000250881.html
,,,https://www.costco.com/iqbar---costco-next.product.100351500.html
Sugarfina 4 Large Cube Variety Pack,69.99,Sugarfina Large Candy Cube® Variety Pack,https://www.costco.com/sugarfina-4-large-cube-variety-pack.product.4000043706.html
Hickory Farms Ultimate Party Snacks Gift Basket,89.99,"The snack lovers in your life will delight in this big party in a basket. Nosh on Farmhouse Summer Sausage, Sharp Cheddar Blend, and Three Cheese & Onion Blend with Hot Pepper Bacon Jam and Champagne Dill Mustard all stacked up on Olive Oil and Rosemary Crackers. Cranberry & Sesame Nut Mix and J&M Gouda Cheese Straws add a nice balance of salty, savory, and sweetness. And for the sweeter snackers this basket also comes with J&M Chocolate Chip Cookies, Biscotti Di Suzy Chocolate Chip Biscotti, and Tuxedo Crisp Bar. Crank up the party music, put out these snacks, and party on!",https://www.costco.com/hickory-farms-ultimate-party-snacks-gift-basket.product.4000026975.html
"Second Nature Trail Mix, Wholesome Medley, 1.5 oz, 16-count",14.99,"5 stars
stars",https://www.costco.com/second-nature-trail-mix-wholesome-medley-15-oz-16-count.product.100459944.html
"Payday Peanut Caramel Bar, 1.85 oz, 24-count",21.99,"5 stars
stars",https://www.costco.com/payday-peanut-caramel-bar-185-oz-24-count.product.100401638.html
"Kirkland Signature Protein Bars Chocolate Peanut Butter Chunk 2.12 oz, 20-count",24.49,,https://www.costco.com/kirkland-signature-protein-bars-chocolate-peanut-butter-chunk-212-oz-20-count.product.100398624.html
Mrs. Prindables Caramel Apple & Confections Birthday Box,49.99,For orders without a preferred arrival date please see the shipping schedule below.,https://www.costco.com/mrs-prindables-caramel-apple--confections-birthday-box.product.4000270464.html
"Nature Valley Protein Bar, Peanut Butter Dark Chocolate, 1.42 oz, 30-count",18.99,"5 stars
stars",https://www.costco.com/nature-valley-protein-bar-peanut-butter-dark-chocolate-142-oz-30-count.product.100381587.html
"Ensure Original Nutrition Shake, Milk Chocolate, 8 fl. oz, 30-pack",41.99,"We are committed to offering the best value to our members, with a risk-free 100% satisfaction guarantee on your membership and merchandise with some exceptions and limitations*. If you have questions about your membership or products you've purchased at Costco, please visit the membership counter at your local Costco or Contact Customer Service.",https://www.costco.com/ensure-original-nutrition-shake-milk-chocolate-8-fl-oz-30-pack.product.100741201.html
"Kirkland Signature Trail Mix Snack Packs, 2 oz, 28-count",17.99,"5 stars
stars",https://www.costco.com/kirkland-signature-trail-mix-snack-packs-2-oz-28-count.product.100770569.html
"Vital Proteins Collagen Peptides, Chocolate, 2 lbs",--,,https://www.costco.com/vital-proteins-collagen-peptides-chocolate-2-lbs.product.4000177601.html
"Skittles and Starburst Chewy Candy, Variety Pack, Full Size, 30-count",33.99,"5 stars
stars",https://www.costco.com/skittles-and-starburst-chewy-candy-variety-pack-full-size-30-count.product.100347809.html
"David’s Cookies Mile High Peanut Butter Cake, 6.8 lbs (14 Servings)",72.99,For orders without a preferred arrival date please see the shipping schedule below.,https://www.costco.com/davids-cookies-mile-high-peanut-butter-cake-68-lbs-14-servings.product.100338715.html
"Kirkland Signature Nut Bars, 1.41 oz, 30-count",17.99,"5 stars
stars",https://www.costco.com/kirkland-signature-nut-bars-141-oz-30-count.product.100524886.html
"Welch's Fruit Snacks, Variety Pack, 2.25 oz, 20-count",14.99,"5 stars
stars",https://www.costco.com/welchs-fruit-snacks-variety-pack-225-oz-20-count.product.4000031733.html
"Swedish Fish Soft & Chewy Candy, 2 oz, 24-count",--,"SWEDISH FISH Mini Soft & Chewy Candy offers a fun bite-sized sweet snack to share. The classic SWEDISH FISH flavor floods your taste buds with a delicious fruity taste, and this smaller version of the signature red candy fish shape is easy to pop in your mouth, adding a bit of fun to snack time. This soft candy is the ideal sweet treat to enjoy for party favors, movie theater candy, holidays, Halloween candy, after school and for everyday snacking.",https://www.costco.com/swedish-fish-soft--chewy-candy-2-oz-24-count.product.100403307.html
"Caffe D'Vita, Instant Mocha Cappuccino, 4 lbs",13.99,"5 stars
stars",https://www.costco.com/caffe-dvita-instant-mocha-cappuccino-4-lbs.product.100487795.html
G2G 3-pack Peanut Butter Coconut Chocolate Protein Bars 24-count,49.99,"We are committed to offering the best value to our members, with a risk-free 100% satisfaction guarantee on your membership and merchandise with some exceptions and limitations*. If you have questions about your membership or products you've purchased at Costco, please visit the membership counter at your local Costco or Contact Customer Service.",https://www.costco.com/g2g-3-pack-peanut-butter-coconut-chocolate-protein-bars-24-count.product.100792284.html
Sweet Celebration Gift Tower,24.99,"We are committed to offering the best value to our members, with a risk-free 100% satisfaction guarantee on your membership and merchandise with some exceptions and limitations*. If you have questions about your membership or products you've purchased at Costco, please visit the membership counter at your local Costco or Contact Customer Service.",https://www.costco.com/sweet-celebration-gift-tower.product.100680019.html
"Mary Macleod's All Butter Shortbread Cookies in Embossed Cookie Jar Tins, 2 Flavors, 30 Cookies Each, 60 Total",79.99,"We are committed to offering the best value to our members, with a risk-free 100% satisfaction guarantee on your membership and merchandise with some exceptions and limitations*. If you have questions about your membership or products you've purchased at Costco, please visit the membership counter at your local Costco or Contact Customer Service.",https://www.costco.com/mary-macleods-all-butter-shortbread-cookies-in-embossed-cookie-jar-tins-2-flavors-30-cookies-each-60-total.product.4000371825.html
"Kirkland Signature Protein Bar, Variety Pack, 2.12 oz, 20-count",24.99,"5 stars
stars",https://www.costco.com/kirkland-signature-protein-bar-variety-pack-212-oz-20-count.product.100640763.html
"Fairlife Nutrition Plan, 30g Protein Shake, Chocolate, 11.5 fl oz, 18-pack",38.99,"We are committed to offering the best value to our members, with a risk-free 100% satisfaction guarantee on your membership and merchandise with some exceptions and limitations*. If you have questions about your membership or products you've purchased at Costco, please visit the membership counter at your local Costco or Contact Customer Service.",https://www.costco.com/fairlife-nutrition-plan-30g-protein-shake-chocolate-115-fl-oz-18-pack.product.100727293.html
"Muscle Milk Genuine Protein Shake Chocolate, 11 fl oz, 18-pack",26.99,"We are committed to offering the best value to our members, with a risk-free 100% satisfaction guarantee on your membership and merchandise with some exceptions and limitations*. If you have questions about your membership or products you've purchased at Costco, please visit the membership counter at your local Costco or Contact Customer Service.",https://www.costco.com/muscle-milk-genuine-protein-shake-chocolate-11-fl-oz-18-pack.product.100850805.html
"Core Power Protein Shake, Chocolate, 14 fl oz, 10-pack",32.49,"We are committed to offering the best value to our members, with a risk-free 100% satisfaction guarantee on your membership and merchandise with some exceptions and limitations*. If you have questions about your membership or products you've purchased at Costco, please visit the membership counter at your local Costco or Contact Customer Service.",https://www.costco.com/core-power-protein-shake-chocolate-14-fl-oz-10-pack.product.4000142474.html
"Tootsie Pops, Fun Flavor, 0.6 oz, Assorted, 100-count",15.99,"5 stars
stars",https://www.costco.com/tootsie-pops-fun-flavor-06-oz-assorted-100-count.product.100381616.html
G2G 3-pack Peanut Butter Chocolate Chip Protein Bars 24-count,49.99,"We are committed to offering the best value to our members, with a risk-free 100% satisfaction guarantee on your membership and merchandise with some exceptions and limitations*. If you have questions about your membership or products you've purchased at Costco, please visit the membership counter at your local Costco or Contact Customer Service.",https://www.costco.com/g2g-3-pack-peanut-butter-chocolate-chip-protein-bars-24-count.product.100792271.html
Mrs. Prindables Signature Caramel Apple and Confection Tray,79.99,For orders without a preferred arrival date please see the shipping schedule below.,https://www.costco.com/mrs-prindables-signature-caramel-apple-and-confection-tray.product.4000152317.html
"Power Crunch Protein Energy Bar, Peanut Butter Fudge, 1.4 oz, 12-count",14.49,"5 stars
stars",https://www.costco.com/power-crunch-protein-energy-bar-peanut-butter-fudge-14-oz-12-count.product.4000354383.html
"Orgain USDA Organic Simple Plant Protein Powder, Chocolate Peanut Butter Cup, 32.6 oz",--,Limit 5 per member.,https://www.costco.com/orgain-usda-organic-simple-plant-protein-powder-chocolate-peanut-butter-cup-326-oz.product.100532931.html
"Sugarfina Sweet & Sparkling Candy Bento Box, 8 Small Cubes",59.99,"The best things in life are Sweet & Sparkling. This shimmering Candy Bento Box is filled with a luxe selection of our brightest treats to celebrate in sweet style. 
Open the festive gift box to discover 8 Candy Cubes perfect for popping the bubbly:",https://www.costco.com/sugarfina-sweet--sparkling-candy-bento-box-8-small-cubes.product.4000115140.html
"Oats Overnight Variety Pack, 20g Protein Shake, Cookies & Cream & Chocolate Peanut Butter Banana  (14-pack + BlenderBottle)",30.99,"We are committed to offering the best value to our members, with a risk-free 100% satisfaction guarantee on your membership and merchandise with some exceptions and limitations*. If you have questions about your membership or products you've purchased at Costco, please visit the membership counter at your local Costco or Contact Customer Service.",https://www.costco.com/oats-overnight-variety-pack-20g-protein-shake-cookies--cream--chocolate-peanut-butter-banana--14-pack--blenderbottle.product.4000331225.html
"Further Food Grass-Fed Collagen Peptides Powder Plus Mushroom, Chocolate, 56 Servings",24.99,"We are committed to offering the best value to our members, with a risk-free 100% satisfaction guarantee on your membership and merchandise with some exceptions and limitations*. If you have questions about your membership or products you've purchased at Costco, please visit the membership counter at your local Costco or Contact Customer Service.",https://www.costco.com/further-food-grass-fed-collagen-peptides-powder-plus-mushroom-chocolate-56-servings.product.100528687.html
Mrs. Fields Cookie Deluxe Bites Basket,79.99,"We are committed to offering the best value to our members, with a risk-free 100% satisfaction guarantee on your membership and merchandise with some exceptions and limitations*. If you have questions about your membership or products you've purchased at Costco, please visit the membership counter at your local Costco or Contact Customer Service.",https://www.costco.com/mrs-fields-cookie-deluxe-bites-basket.product.11616104.html
"G.O.A.T. FOODS Best Set, 4 Pack, 48 oz. Total",54.99,"We are committed to offering the best value to our members, with a risk-free 100% satisfaction guarantee on your membership and merchandise with some exceptions and limitations*. If you have questions about your membership or products you've purchased at Costco, please visit the membership counter at your local Costco or Contact Customer Service.",https://www.costco.com/goat-foods-best-set-4-pack-48-oz-total.product.4000306500.html
"Kar's Trail Mix, Sweet 'N Salty, 2 oz, 24-count",12.99,"5 stars
stars",https://www.costco.com/kars-trail-mix-sweet-n-salty-2-oz-24-count.product.100409506.html
"The Gluten Free Brothers Variety Bars, 24 count",29.99,"We are committed to offering the best value to our members, with a risk-free 100% satisfaction guarantee on your membership and merchandise with some exceptions and limitations*. If you have questions about your membership or products you've purchased at Costco, please visit the membership counter at your local Costco or Contact Customer Service.",https://www.costco.com/the-gluten-free-brothers-variety-bars-24-count.product.4000230777.html
"Oreo Mini Sandwich Cookies, Variety Pack, 1.5 oz,  30-count",14.99,Nothing says love like enjoying your favorite cookie with your favorite person. Cheers!,https://www.costco.com/oreo-mini-sandwich-cookies-variety-pack-15-oz--30-count.product.4000268550.html
All-Clad 13-piece Stainless Steel Fondue Set,199.99,Designated Chemical Disclosure,https://www.costco.com/all-clad-13-piece-stainless-steel-fondue-set.product.4000374491.html
Nutrient Survival  Freeze Dried Emergency Food Supply 6-count (122 Total Servings),199.99,"In times of stress, the mind and body can fail. That’s why you need Nutrient Survival. Delicious, chef-made recipes packed with 6-times more nutrients than any other emergency food, and patented with the same level of elite nutrition that’s required for Special Ops forces, to help you stay strong, alert, and satisfied when you need it most. Made with real ingredients. Made in America. To keep you healthy, strong and alert with 40 essential nutrients - 14 vitamins, 14 minerals, 9 protein aminos, Omega 3 & 6, and fiber. Freeze dried and sealed tight in durable #10 cans with a shelf-life up to 25 years. Ideal for family adventures, emergency, enjoying life off the grid, everyday wellness and optimal performance. It’s preparedness through nutrition. Perfect for today. Ready for anything ahead. Nothing prepares you like proper nutrition.",https://www.costco.com/nutrient-survival--freeze-dried-emergency-food-supply-6-count-122-total-servings.product.100837148.html
"Kirkland Signature Soft & Chewy Granola Bars, 0.85 oz, 64-count",12.59,"5 stars
stars",https://www.costco.com/kirkland-signature-soft--chewy-granola-bars-085-oz-64-count.product.100455677.html
"The Gluten Free Brothers Variety Bites, 6 count",24.99,"We are committed to offering the best value to our members, with a risk-free 100% satisfaction guarantee on your membership and merchandise with some exceptions and limitations*. If you have questions about your membership or products you've purchased at Costco, please visit the membership counter at your local Costco or Contact Customer Service.",https://www.costco.com/the-gluten-free-brothers-variety-bites-6-count.product.4000230766.html
"FITCRUNCH Protein Bars, 16g Protein, Chocolate Peanut Butter, 1.62 oz, 18-count",22.99,"5 stars
stars",https://www.costco.com/fitcrunch-protein-bars-16g-protein-chocolate-peanut-butter-162-oz-18-count.product.100401360.html
"Mayorga Muy Macho, USDA Organic, Muy Dark Roast, Whole Bean Coffee, 2lb, 2-pack",49.99,"We are committed to offering the best value to our members, with a risk-free 100% satisfaction guarantee on your membership and merchandise with some exceptions and limitations*. If you have questions about your membership or products you've purchased at Costco, please visit the membership counter at your local Costco or Contact Customer Service.",https://www.costco.com/mayorga-muy-macho-usda-organic-muy-dark-roast-whole-bean-coffee-2lb-2-pack.product.100844222.html
"Orgain 30g Milk Protein Shake, Chocolate Fudge, 11 fl oz, 18-pack",--,"We are committed to offering the best value to our members, with a risk-free 100% satisfaction guarantee on your membership and merchandise with some exceptions and limitations*. If you have questions about your membership or products you've purchased at Costco, please visit the membership counter at your local Costco or Contact Customer Service.",https://www.costco.com/orgain-30g-milk-protein-shake-chocolate-fudge-11-fl-oz-18-pack.product.4000289039.html
"PediaSure with OptiGRO Plus Kids Shake, 8 fl oz., 24-count",44.99,"We are committed to offering the best value to our members, with a risk-free 100% satisfaction guarantee on your membership and merchandise with some exceptions and limitations*. If you have questions about your membership or products you've purchased at Costco, please visit the membership counter at your local Costco or Contact Customer Service.",https://www.costco.com/pediasure-with-optigro-plus-kids-shake-8-fl-oz-24-count.product.100455673.html
G2G Protein Bar Variety 3-pack (24 Total Bars),49.99,This product will be shipped ambient.  Please refrigerate upon receipt to preserve freshness.,https://www.costco.com/g2g-protein-bar-variety-3-pack-24-total-bars.product.4000105597.html
"Ensure Original Nutrition Shake, 8 fl. oz, 30-pack, Vanilla",41.99,Limit 5 per member.,https://www.costco.com/ensure-original-nutrition-shake-8-fl-oz-30-pack-vanilla.product.100422894.html
"G.O.A.T. FOODS Caramels.com Assortment, 4-pack, 48 oz. Total",59.99,"We are committed to offering the best value to our members, with a risk-free 100% satisfaction guarantee on your membership and merchandise with some exceptions and limitations*. If you have questions about your membership or products you've purchased at Costco, please visit the membership counter at your local Costco or Contact Customer Service.",https://www.costco.com/goat-foods-caramelscom-assortment-4-pack-48-oz-total.product.4000306558.html
